{
  "完全伸直": {
    "关节角度": [
      0.791015625,
      85.03832547169812,
      -172.43826729910717,
      88.41796875,
      0.087890625
    ],
    "夹爪": 50.303848750844026,
    "说明": "GUI 保存的当前姿态"
  }
}
