{
  "1": {
    "关节角度": [
      32.9620361328125,
      129.744140625,
      0.01658313679245283,
      0.12555803571428573,
      0.3515625,
      -0.17578125
    ],
    "夹爪": 50.0,
    "说明": "GUI 保存的当前姿态"
  }
}
